{
    "B": {
        "B": 0,
        "E": 0.8503196690485145,
        "M": 0.14968033095148553,
        "S": 0
    },
    "E": {
        "B": 0.5015983452425724,
        "E": 0,
        "M": 0,
        "S": 0.4984016547574276
    },
    "M": {
        "B": 0,
        "E": 0.7100802854594113,
        "M": 0.28991971454058874,
        "S": 0
    },
    "S": {
        "B": 0.5398248115705846,
        "E": 0,
        "M": 0,
        "S": 0.46017518842941535
    }
}